省级地区,量子相关专利数,创新主体数,明确企业数,企业专利数,企业专利占比,严格核心专利数,严格核心专利占比,核心口径专利数,PNT候选专利数,高相关专利占比,量子识别得分均值,被引字段覆盖率
上海市,65,24,13,29,0.4461538461538462,44,0.676923076923077,47,18,0.27692307692307694,6.292307692307692,0.09230769230769231
北京市,187,52,19,75,0.40106951871657753,149,0.7967914438502673,157,30,0.33689839572192515,8.037433155080214,0.0374331550802139
安徽省,66,9,5,46,0.696969696969697,62,0.9393939393939394,63,3,0.4696969696969697,8.075757575757576,0.045454545454545456
江苏省,73,29,13,25,0.3424657534246575,60,0.821917808219178,69,4,0.3150684931506849,6.671232876712328,0.0410958904109589
浙江省,94,18,8,68,0.723404255319149,84,0.8936170212765957,87,7,0.2553191489361702,6.468085106382978,0.02127659574468085
广东省,52,29,18,32,0.6153846153846154,45,0.8653846153846154,48,4,0.40384615384615385,7.384615384615385,0.07692307692307693
