省级地区,量子相关专利数,创新主体数,明确企业数,企业专利数,企业专利占比,严格核心专利数,严格核心专利占比,核心口径专利数,PNT候选专利数,高相关专利占比,量子识别得分均值,被引字段覆盖率
上海市,355,85,53,180,0.5070422535211268,260,0.7323943661971831,275,80,0.28732394366197184,6.7126760563380286,0.03380281690140845
北京市,1568,256,160,884,0.5637755102040817,1299,0.8284438775510204,1393,175,0.4649234693877551,8.591198979591837,0.013392857142857142
安徽省,1310,92,69,1033,0.7885496183206107,1244,0.9496183206106871,1293,17,0.5519083969465649,9.003053435114504,0.00916030534351145
江苏省,747,175,130,362,0.48460508701472554,638,0.8540829986613119,700,47,0.42704149933065594,7.93574297188755,0.013386880856760375
浙江省,536,123,83,339,0.6324626865671642,459,0.8563432835820896,488,48,0.3451492537313433,7.199626865671642,0.013059701492537313
广东省,625,220,167,416,0.6656,514,0.8224,565,60,0.384,7.7568,0.0272
